Manpho Convention Centre,11340,2417,13.04019,77.61142,Event Planner,Concert Venue,Convention Center,Event Venue
Bacardi Nh7 Weekender at Embassy Intl. Riding School,3496,386,13.180772185,77.597258142,Local Business,Concert Venue
Magnum Arena,2565,1880,12.901117490868,77.703226600103,Sports Venue,Concert Venue,Event Venue,Sports & Recreation
"ELAAN Convention Center""",6074,1395,12.893406790638,77.581232617447,Concert Venue,Concert Venue,Event
"Sunburn arena, Bangalore",5132,3695,13.0831339849,77.6385529401,Local Business,Concert Venue
Chowdiah Memorial Hall,13378,1312,13.006605412463,77.575540418285,Local Business,Auditorium,Theater,Event Venue
Tomorrowland India,448,17201,12.9833,77.5833,Concert Venue,Concert Venue,Entertainment Service
Strawberry Fields,652,14827,12.956123893874,77.580341690992,Concert Venue,Concert Venue,Event
CandyShop,1440,2087,13.00891,77.57811,Arts/Entertainment/Nightlife,Concert Venue,Night Club,Bar
"Sheeshmahal, Palace Grounds",513,43,12.92150194,77.61734996,Local Business,Concert Venue,Indian Restaurant
Supernova Arena,1012,231,12.96643,77.58721,Local Business,Adult Entertainment,City Hall
Indian Idol Academy Bangalore - HBR Layour,228,1748,13.03149,77.635845,Concert Venue,Concert Venue
OO Heaven,60,369,13.02266,77.64632,Concert Venue,Concert Venue
"Nh7 Weekender, Bangalore",262,13,12.958431994596,77.642435543407,Local Business,Concert Venue
Kuvempu Kalak Kshetra,2479,252,12.955195375415,77.574454631125,Local Business,Concert Venue
Bengaluru Ganesh Utsav,928,398,12.940018421701,77.568860567708,Local Business,Concert Venue
M'Siri,67,178,12.96334,77.5819099,Concert Venue,Concert Venue
Sunburn Festival Bangalore .,1228,815,12.963283688571,77.702567247143,Local Business,Concert Venue
Supernova,1741,358,13.09505,77.59429,Local Business,Concert Venue
Bengaluru Underground,62,3285,12.97577,77.5870599,Concert Venue,Concert Venue,Performance Venue
Paparazzi Club,91,96,12.97554,77.61452,Concert Venue,Concert Venue
Yuvanika,166,36,12.972887365,77.586862155,Local Business,Concert Venue
WAR LOCK Gaming Theater,67,35,13.0672636,77.4998134,Concert Venue,Concert Venue
Sardar Patel Bhavan,719,59,12.992585,77.597046666667,Local Business,Concert Venue
HUQ HOUSE,117,3,12.9641,77.59669,Concert Venue,Concert Venue
Revamp,71,703,13.0300518,77.6642583,Concert Venue,Concert Venue
Tamarind Live,44,851,12.903718039184,77.573237886712,Concert Venue,Concert Venue
"In ""vizag"" 'chitralaya Mall'",90,4,12.91699190751,77.58712593466,Local Business,Concert Venue
GM Rejoice,300,22,12.999130025,77.565544535,Local Business,Concert Venue
Mariswamappa Kalyana Mantapa,166,5,12.922196,77.6094365,Local Business,Concert Venue
Samsa Bayalu Ranga Mandira,118,12,12.97235196,77.58223285,Local Business,Concert Venue
SYED Palace Function HALL,71,7,13.08149848,77.81763297,Concert Venue,Concert Venue
Arijit singh live in Concert,33,281,12.9833,77.5833,Local Business,Concert Venue
Banglore International Exhibition Center. Bangalore.,73,5,28.64674757,77.36776799,Local Business,Concert Venue
St John Community Hall,81,1,54.6007417,-5.956603,Local Business,Concert Venue,Community Center
Jyoti Niwas Auditorium,108,10,12.933051667918,77.61719642233,Local Business,Concert Venue
Subha Mangala,19,86,12.9833,77.5833,Concert Venue,Concert Venue
Saturday Live,0,1363,13.0236,77.63905,Concert Venue,Concert Venue
Supernova Arena and Convention Centre,2974,429,13.12352753937,77.592489899431,Local Business,Concert Venue
Fridays at Sutra,4,543,12.96643,77.58721,Concert Venue,Concert Venue
Wildflower Resort Devanahalli,309,9,12.9425808,77.6000011,Local Business,Concert Venue,Hotel
Sunburn Arena - Tiesto Bangalore,30,13,13.06767333,77.63365019,Local Business,Concert Venue
Extreme freakrez,51,6,12.96643,77.58721,Concert Venue,Concert Venue
The Place,11,3,13.0061903,77.569252,Local Business,Concert Venue,Nightlife,Entertainer
"Hotel Royal Orchid, Bangalore",177,6,10.7734958,76.01525547,Local Business,Concert Venue,Hotel
"Aranya Kaand"" Shree Ramacharitamanas",5,443,12.96698,77.58904,Concert Venue,Concert Venue
Club 7 Sarjapura Road Bangalore,127,7,12.9118815,77.681776,Local Business,Concert Venue
Gaming Hunt,1,166,13.12989,77.61196,Organization,Concert Venue,Video Game,Organization
MY Fortune MY Night,29,69,12.96549,77.60214,Concert Venue,Concert Venue,Hotel
Fans of dragon city,21,2821,12.97306391,77.57259628,Concert Venue,Concert Venue
Sudhamnagar Bangalore,17,2,12.9604004,77.5573188,Local Business,Concert Venue
"Palace Grounds, Bangalore",0,0,13.0824277,80.2022405,Local Business,Concert Venue
Swedish House Mafia at Bhartiya City Bangalore,1,0,12.960516409924,77.648720240156,Local Business,Concert Venue
Nice Grounds Bangalore,1,0,12.967312,77.7513448,Local Business,Concert Venue
Church Ground Bangalore,1,0,13.0356033,77.5936662,Local Business,Concert Venue
Indo-German Urban Mela Bangalore,1,0,12.95639669,77.74200092,Local Business,Concert Venue
Santana Show,1,0,13.080862043438,77.64279660776,Local Business,Concert Venue
Bhartiya City in Bangalore,1,0,13.035726960314,77.644360187885,Local Business,Concert Venue
Storm Festival Bangalore,1,0,12.932218780196,77.633686309815,Local Business,Concert Venue
Fossil in Bangalore 2012,2,460,12.92132,77.67282,Concert Venue,Concert Venue
CabAmigo,1,373,12.9691296,77.6707077,Travel/Leisure,Airport,Concert Venue,Travel/Leisure
Naada Sannidhi,0,75,12.97097,77.64937,School,Concert Venue,Music Lessons & Instruction,School
Samad House,173,7,12.981187096667,77.607167503333,Local Business,Convention Center
"Sunburn Arena, Bhartiya City, Bangalore",126,14,12.910582087946,77.560548177061,Local Business,Concert Venue,Event
"Grand Lalit, Bangalore",0,0,34.0541202,74.7387895,Local Business,Concert Venue
Karaoke World Championship 2012 Bangalore,2,0,12.904877763274,77.589617371559,Local Business,Concert Venue
The Chancery Pavilion Bangalore,1,0,28.572859,77.3508148,Local Business,Concert Venue,Hotel
Rustle Networks,5,687,13.0085,77.54385,Event Planner,Concert Venue,Night Club,Event Planner
Eznieta 2014,9,473,13.10212,77.57684,Concert Venue,Concert Venue
Sri Jayarama Seva Mandali,235,26,12.919928029699,77.575639063501,Local Business,Concert Venue
Yuvtarang,1,929,13.02763,77.63261,Concert Venue,Concert Venue
Apocalypse,0,172,12.9257,77.60429,Concert Venue,Concert Venue
Aadya Samskruthika Sabha,0,378,12.98724,77.64803,Concert Venue,Concert Venue
Crawl Through Bangalore,0,132,12.97585,77.641,Arts/Entertainment/Nightlife,Concert Venue,Nightlife,Event
Gravity Entertainment,0,82,12.9619,77.56368,Concert Venue,Concert Venue
BLUE Diamond's Events,7,768,12.9833,77.5833,Event Planner,Concert Venue,Event Planner,Event
Resonance,6,135,12.9646702,77.596817,Concert Venue,Concert Venue,Education,Event
Indian Idol Academy Hebbal Bangalore,0,68,13.04979,77.60023,Concert Venue,Concert Venue
Krishna Summit Banquet Hall,11,141,12.95344,77.54228,Concert Venue,Concert Venue
Anubhooti,0,441,13.00466,77.57857,Concert Venue,Concert Venue
Envisage,0,289,12.91161,77.56614,Concert Venue,Concert Venue
Blockbuster Holly-Bollywood Carnival,0,317,12.9658499,77.6093063,Concert Venue,Concert Venue,DVD & Video Store
Drum Events India Pvt Ltd,2,175,12.96135,77.63619,Concert Venue,Concert Venue,Event Planner
An Ode To The Blues,10,2381,12.9998703,77.6208801,Arts/Entertainment/Nightlife,Concert Venue
Sputnik 2016 New Years' Eve Party,0,91,12.96711,77.64144,Concert Venue,Concert Venue,Party Center,Dance Club
On The Rocks,8,989,13.06375,77.5911,Arts/Entertainment/Nightlife,Concert Venue,Entertainer
Flintlock Entertainment,1,416,13.07597,77.65242,Arts/Entertainment/Nightlife,Concert Venue,Event Planner
Wassup Bangaluru,0,87,13.05784,77.59748,Concert Venue,Concert Venue
"UVA Convention Center, Kundapur, Karnataka",13,0,12.902461951611,77.600112101135,Local Business,Concert Venue
HAPPENings In BANGalore,2,133,12.9442299,77.50433,Event Planner,Concert Venue,Event Planner,Event
BungeejumpingatPhoenixmarketcity,2,551,12.96698,77.5872879,Sports/Recreation/Activities,Concert Venue
Grandeur Dandiya,32,4710,12.996575921152,77.596850111512,Arts/Entertainment/Nightlife,Concert Venue
MPE - Just Beat It,0,11,12.93077,77.60514,Concert Venue,Concert Venue
ZEAL 2014,0,256,13.02471,77.52107,Concert Venue,Concert Venue
Steve Aoki Concert Bangalore,14,17,12.96643,77.58721,Local Business,Concert Venue
Kalinga Festival,112,119,12.9919459,77.5826913,Concert Venue,Concert Venue,Nightlife,Musician/Band
Music express,5,112,12.9657699,77.60382,Concert Venue,Concert Venue
Javed Ali Alive India Concert,83,31,12.997051733333,77.696021033333,Local Business,Performance Venue,Spas/Beauty/Personal Care
